"","Signed"
"1","NCST"
"2","INUN"
"3","ARUN"
"4","GAUN"
"5","FLST"
"6","GATC"
"7","SCCL"
"8","TNUN"
"9","LAST"
"10","MABC"
"11","CAST"
"12","FLUN"
"13","MIST"
"14","COUN"
"15","ALUN"
"16","KSST"
"17","CALA"
"18","NCDU"
"19","NCUN"
"20","KYLO"
"21","NCWF"
"22","TNVA"
"23","PAPT"
"24","SCUN"
"25","MNUN"
"26","ALAU"
"27","TXAM"
"28","FLMI"
"29","AZST"
"30","MSST"
"31","WVUN"
"32","ORUN"
"33","VAPI"
"34","KYUN"
"35","INPU"
"36","NYSY"
"37","NEUN"
"38","ILNW"
"39","MIUN"
"40","TXUN"
"41","KSUN"
"42","MDUN"
"43","VAUN"
"44","MSUN"
"45","IAUN"
"46","OHST"
"47","TXTC"
"48","INND"
"49","MOUN"
"50","OKUN"
"51","TXBA"
"52","IAST"
"53","WAST"
"54","AZUN"
"55","WIUN"
"56","ORST"
"57","PAST"
"58","OKST"
"59","CASC"
"60","ILUN"
"61","CAUN"
"62","NJRU"
"63","TXCU"
